datetime,open,high,low,close,volume
2024-04-16T00:00:00+00:00,7675.42,7686.33,7555.24,7662.94,45900.80147996938
2024-04-17T00:00:00+00:00,7662.94,7690.839999999999,7616.25,7641.76,33735.09355210132
2024-04-18T00:00:00+00:00,7641.76,7663.66,7587.819999999999,7600.329999999998,32137
2024-04-19T00:00:00+00:00,7600.329999999998,7635.47,7504.709999999998,7605.47,53054
2024-04-21T00:00:00+00:00,7605.47,7638.28,7605.47,7635.77,243
2024-04-22T00:00:00+00:00,7635.77,7698.13,7631.18,7690.14,22665.02534318902
2024-04-23T00:00:00+00:00,7690.14,7746.37,7664.57,7740.87,19741.254961832063
2024-04-24T00:00:00+00:00,7740.87,7750.7699999999995,7610.7,7624,22718
2024-04-25T00:00:00+00:00,7624,7624,7511.39,7554.740000000001,19123.983676834294
2024-04-26T00:00:00+00:00,7554.740000000001,7608.28,7537.620000000001,7598.79,21765
2024-04-28T00:00:00+00:00,7599.79,7639.19,7599.79,7637.68,198
2024-04-29T00:00:00+00:00,7637.68,7658.69,7613.57,7635.22,15625.561277705345
2024-04-30T00:00:00+00:00,7635.22,7684.66,7566.64,7602.77,22812.071043606076
2024-05-01T00:00:00+00:00,7602.77,7627.660000000001,7527.98,7607.79,27700.092106225766
2024-05-02T00:00:00+00:00,7607.79,7655.6,7558.52,7647.110000000001,27221.582597054887
2024-05-03T00:00:00+00:00,7647.110000000001,7670.52,7613.59,7657.6,27343.118333333332
2024-05-05T00:00:00+00:00,7657.1,7672.62,7657.1,7669.61,106
2024-05-06T00:00:00+00:00,7669.61,7742.22,7649.01,7724.7699999999995,9264.343353237522
2024-05-07T00:00:00+00:00,7724.7699999999995,7823.670000000001,7706.67,7822.660000000001,13339
2024-05-08T00:00:00+00:00,7822.660000000001,7830.070000000001,7772.87,7782.46,11992.828571428572
2024-05-09T00:00:00+00:00,7782.46,7785.87,7701.43,7754.9400000000005,12013.17876815223
2024-05-10T00:00:00+00:00,7754.9400000000005,7786.04,7747.830000000001,7748.44,11648
2024-05-12T00:00:00+00:00,7745.54,7745.54,7727.15,7731.17,61
2024-05-13T00:00:00+00:00,7731.17,7769.65,7728.55,7738.94,9255.419602818705
2024-05-14T00:00:00+00:00,7738.94,7790.46,7715.83,7786.94,14494.059669743832
2024-05-15T00:00:00+00:00,7786.94,7847.16,7746.6,7846.150000000001,13774.96544485439
2024-05-16T00:00:00+00:00,7846.150000000001,7919.55,7838.9,7872.31,14149.931866271689
2024-05-17T00:00:00+00:00,7872.31,7880.7300000000005,7806.36,7842.16,11367
2024-05-19T00:00:00+00:00,7845.16,7862.42,7845.16,7855.91,207
2024-05-20T00:00:00+00:00,7855.91,7879.82,7841.14,7852.67,8932.053383433362
2024-05-21T00:00:00+00:00,7852.67,7903.93,7831.13,7895.92,10156.805379746835
2024-05-22T00:00:00+00:00,7895.92,7908.34,7763.71,7791.170000000001,14993.596755504055
2024-05-23T00:00:00+00:00,7791.170000000001,7833.560000000001,7708.49,7714.4800000000005,21251.812776551204
2024-05-24T00:00:00+00:00,7714.4800000000005,7777.62,7704.900000000001,7772.61,12876.611489528124
2024-05-26T00:00:00+00:00,7768.61,7776.15,7768.61,7771.63,154
2024-05-27T00:00:00+00:00,7771.63,7813.65,7770.55,7793.839999999999,5617.524764150943
2024-05-28T00:00:00+00:00,7793.839999999999,7807.759999999999,7689.43,7696.42,16421.536477131463
2024-05-29T00:00:00+00:00,7696.42,7704.84,7568.67,7578.69,18946.1106271777
2024-05-30T00:00:00+00:00,7578.69,7698.07,7572.089999999999,7650.18,15331.624215514506
2024-05-31T00:00:00+00:00,7650.18,7752.03,7631.59,7751.53,20784.249184909175
2024-06-02T00:00:00+00:00,7748.53,7773.59,7745.07,7768.08,329
2024-06-03T00:00:00+00:00,7768.08,7784.98,7718.57,7753.03,24417.56923194777
2024-06-04T00:00:00+00:00,7753.03,7777.41,7695.64,7757.530000000001,23028.465263821367
2024-06-05T00:00:00+00:00,7757.530000000001,7831.33,7744.61,7826.83,17638.002938930596
2024-06-06T00:00:00+00:00,7826.83,7866.8,7804.98,7860.8,15011.086258401792
2024-06-07T00:00:00+00:00,7860.8,7885.8,7809.82,7817.81,25314
2024-06-10T00:00:00+00:00,7818.81,7818.81,7770.03,7799.04,11724.061836115327
2024-06-11T00:00:00+00:00,7799.04,7800.95,7673.98,7746.0599999999995,17858.998106956933
2024-06-12T00:00:00+00:00,7746.0599999999995,7798.950000000001,7716,7796.950000000001,24055.551701995995
2024-06-13T00:00:00+00:00,7796.950000000001,7803.340000000001,7700.15,7755.370000000001,17655.241208160885
2024-06-14T00:00:00+00:00,7755.370000000001,7763.280000000001,7665.38,7703.9,18900
2024-06-16T00:00:00+00:00,7703.9,7717.16,7697.17,7717.16,156
2024-06-17T00:00:00+00:00,7717.16,7756.049999999999,7678.15,7752.07,14775.959207459207
2024-06-18T00:00:00+00:00,7752.07,7797.669999999999,7741.09,7796.66,30941.776691194977
2024-06-19T00:00:00+00:00,7796.66,7809.049999999999,7762.81,7787.039999999999,6201.075230395282
2024-06-20T00:00:00+00:00,7787.039999999999,7808.4,7770.429999999999,7804.76,17530.960381511373
2024-06-21T00:00:00+00:00,7804.76,7818.650000000001,7765.650000000001,7793.31,20700.214713430283
2024-06-23T00:00:00+00:00,7792.81,7802.5,7792.81,7800.99,118
2024-06-24T00:00:00+00:00,7800.99,7828.5,7745.48,7810.3,17431.972747918244
2024-06-25T00:00:00+00:00,7810.3,7865.1,7799.18,7812.22,14340.111098451063
2024-06-26T00:00:00+00:00,7812.22,7816.62,7667.07,7674.07,15576.02089864159
2024-06-27T00:00:00+00:00,7674.07,7800.74,7640.469999999999,7799.73,16814.86230505896
2024-06-28T00:00:00+00:00,7799.73,7831.139999999999,7728.73,7754.74,18878
2024-06-30T00:00:00+00:00,7755.74,7755.74,7729.36,7730.88,339
2024-07-01T00:00:00+00:00,7730.88,7790.38,7721.76,7748.31,17139.59220594196
2024-07-02T00:00:00+00:00,7748.31,7759.21,7681.82,7743.409999999999,16940.919494941114
2024-07-03T00:00:00+00:00,7743.409999999999,7834.61,7736.299999999999,7827.71,11381.491744058612
2024-07-04T00:00:00+00:00,7827.71,7856.38,7821.110000000001,7828.85,6340.081495951721
2024-07-05T00:00:00+00:00,7828.85,7847.240000000001,7792.85,7822.86,15392.64764158161
2024-07-07T00:00:00+00:00,7824.86,7824.86,7816.7,7821.72,132
2024-07-08T00:00:00+00:00,7821.72,7835.72,7767.72,7823.41,10916.178583706487
2024-07-09T00:00:00+00:00,7823.41,7849.3099999999995,7778.58,7798.29,13128.236176418483
2024-07-10T00:00:00+00:00,7798.29,7907.55,7792.1900000000005,7901.76,10382.267141526518
2024-07-11T00:00:00+00:00,7901.76,7950.06,7876.15,7932.35,21914.666952703716
2024-07-12T00:00:00+00:00,7932.35,8054.96,7932.35,8020.46,17916.45538693107
2024-07-14T00:00:00+00:00,8017.46,8038.04,8017.46,8037.54,157
2024-07-15T00:00:00+00:00,8037.54,8065.05,8014.04,8049,15462.397252458524
2024-07-16T00:00:00+00:00,8049,8085.85,7996.69,8076.370000000001,15048.428891162685
2024-07-17T00:00:00+00:00,8076.370000000001,8112.25,8012.81,8067.57,18515.76817587521
2024-07-18T00:00:00+00:00,8067.57,8094.49,7936.8,7968.71,24673.273135669362
2024-07-19T00:00:00+00:00,7968.71,7997.7300000000005,7898.15,7907.66,27142.80804383151
2024-07-21T00:00:00+00:00,7907.16,7939.75,7907.16,7928.25,137
2024-07-22T00:00:00+00:00,7928.25,8002.04,7911.15,7991.2300000000005,19157.08087023988
2024-07-23T00:00:00+00:00,7991.2300000000005,8021.27,7933.52,7933.530000000001,15950.393522537435
2024-07-24T00:00:00+00:00,7933.530000000001,7981.56,7884.05,7910.51,18744.14813969103
2024-07-25T00:00:00+00:00,7910.51,7962.72,7838.23,7910.570000000001,34651.13696
2024-07-26T00:00:00+00:00,7910.570000000001,7988.77,7901.95,7983.75,25805.70155466203
2024-07-28T00:00:00+00:00,7985.25,8009.53,7985.25,7993.03,245
2024-07-29T00:00:00+00:00,7993.03,8013.93,7900.03,7903.53,21252.8128022463
2024-07-30T00:00:00+00:00,7903.53,8011.72,7889.44,8006,26759.637952052013
2024-07-31T00:00:00+00:00,8006,8185.849999999999,8003.889999999999,8173.349999999999,28746.992693244454
2024-08-01T00:00:00+00:00,8173.349999999999,8180.76,7937.69,7947.429999999999,34654.92825302194
2024-08-02T00:00:00+00:00,7947.429999999999,7962.32,7748.68,7823.69,41380
2024-08-04T00:00:00+00:00,7823.69,7823.69,7766.52,7793.04,550
2024-08-05T00:00:00+00:00,7793.04,7794.94,7526.02,7677.32,63533.79358552631
2024-08-06T00:00:00+00:00,7677.32,7758.21,7608.41,7633.08,51414.87485182049
2024-08-07T00:00:00+00:00,7633.08,7779.36,7616.41,7641.919999999999,46259.97635322372
2024-08-08T00:00:00+00:00,7641.919999999999,7788.7699999999995,7627.3099999999995,7784.749999999999,35887.36917562724
2024-08-09T00:00:00+00:00,7784.749999999999,7851.5,7732.66,7841.8,28981.0961458765
2024-08-11T00:00:00+00:00,7841.8,7858.35,7841.8,7850.34,135
2024-08-12T00:00:00+00:00,7850.34,7852.25,7788.34,7835.959999999999,20427.81815282671
2024-08-13T00:00:00+00:00,7835.959999999999,7916.62,7800.77,7903.62,17037.44096493024
2024-08-14T00:00:00+00:00,7903.62,7935.509999999999,7855.79,7880.5,20249.44660312078
2024-08-15T00:00:00+00:00,7880.5,7969.099999999999,7856.91,7967.61,18314.95107609305
2024-08-16T00:00:00+00:00,7967.61,7993.509999999999,7940.07,7964.58,14803.19518479577
2024-08-18T00:00:00+00:00,7963.58,7973.05,7963.04,7966.54,190
2024-08-19T00:00:00+00:00,7966.54,8048.04,7965.45,8031.87,13434.129631236327
2024-08-20T00:00:00+00:00,8031.87,8038.2699999999995,7944.71,7955.900000000001,13747.109638409484
2024-08-21T00:00:00+00:00,7955.900000000001,8059.47,7950.3,8041.97,18627.43530582811
2024-08-22T00:00:00+00:00,8041.97,8054.89,7985.12,8009.5,19594.18698083309
2024-08-23T00:00:00+00:00,8009.5,8090.31,8003.379999999999,8073.79,22368.59516369771
2024-08-25T00:00:00+00:00,8074.29,8074.29,8058.4,8064.9,152
2024-08-26T00:00:00+00:00,8064.9,8118.42,8058.3,8105.599999999999,15441.68319250078
2024-08-27T00:00:00+00:00,8105.599999999999,8125.009999999999,8022.3,8028.29,13052.993273728027
2024-08-28T00:00:00+00:00,8028.29,8074.9,7994.92,8002.92,19300.43242278922
2024-08-29T00:00:00+00:00,8002.92,8111.32,7996.32,8078.63,25175.26880009248
2024-08-30T00:00:00+00:00,8078.63,8097.06,8028.55,8071.54,17020.208126858277
2024-09-01T00:00:00+00:00,8071.54,8071.54,8055.79,8057.8,189
2024-09-02T00:00:00+00:00,8057.8,8117.21,8043.19,8067.009999999999,9486.68932833213
2024-09-03T00:00:00+00:00,8067.009999999999,8106.51,7953.089999999999,7956.089999999999,20722.480500148853
2024-09-04T00:00:00+00:00,7956.089999999999,7990.09,7894.489999999999,7928,29374.069330803053
2024-09-05T00:00:00+00:00,7928,8009.4,7928,7976.9400000000005,23797.14613412962
2024-09-06T00:00:00+00:00,7976.9400000000005,8027.860000000001,7882.62,7884.62,31306
2024-09-08T00:00:00+00:00,7884.62,7900.64,7884.62,7897.14,312
2024-09-09T00:00:00+00:00,7897.14,8063.21,7893.04,8038.77,27161.73017507724
2024-09-10T00:00:00+00:00,8038.77,8050.160000000001,7967.48,8008.16,25362.66276803119
2024-09-11T00:00:00+00:00,8008.16,8055.89,7935.87,7993.429999999999,31765.021026452632
2024-09-12T00:00:00+00:00,7993.429999999999,8136.009999999999,7990.829999999999,8132.999999999999,25865.136051909474
2024-09-13T00:00:00+00:00,8132.999999999999,8161.4,8096.29,8111.49,18389.24420661643
2024-09-15T00:00:00+00:00,8111.99,8135.54,8111.99,8133.04,177
2024-09-16T00:00:00+00:00,8133.04,8173.54,8107.03,8144.259999999999,18363.05727482679
2024-09-17T00:00:00+00:00,8144.259999999999,8179.78,8101.77,8136.43,29506.50168161435
2024-09-18T00:00:00+00:00,8136.43,8177.83,8088.89,8169.82,26814.011441283965
2024-09-19T00:00:00+00:00,8169.82,8259.63,8140.739999999997,8227.5,29282.799705756584
2024-09-20T00:00:00+00:00,8227.5,8247.890000000001,8133.88,8139.88,22910
2024-09-22T00:00:00+00:00,8139.88,8149.59,8138.57,8145.59,198
2024-09-23T00:00:00+00:00,8145.59,8180.99,8123.57,8156.75,20621.74828375286
2024-09-24T00:00:00+00:00,8156.75,8195.76,8109.65,8170.67,18893.064935064936
2024-09-25T00:00:00+00:00,8170.67,8184.139999999999,8105.57,8182.13,17590.12019230769
2024-09-26T00:00:00+00:00,8182.13,8245.03,8181.639999999999,8224.55,21609.154077733863
2024-09-27T00:00:00+00:00,8224.55,8247.19,8198.17,8234.98,20885.0895593528
2024-09-29T00:00:00+00:00,8235.48,8260.46,8235.48,8256.97,225
2024-09-30T00:00:00+00:00,8256.97,8292.88,8193.46,8241.64,23546.336851766864
2024-10-01T00:00:00+00:00,8241.64,8249.05,8169.88,8184.179999999999,29237.91841752347
2024-10-02T00:00:00+00:00,8184.179999999999,8234.85,8177.36,8224.35,25962.037284479084
2024-10-03T00:00:00+00:00,8224.35,8226.75,8146.39,8157.7699999999995,24477.79135754817
2024-10-04T00:00:00+00:00,8157.7699999999995,8192.36,8112.17,8181.35,25728.06237816764
2024-10-06T00:00:00+00:00,8181.35,8188.97,8148.95,8163.47,1939
2024-10-07T00:00:00+00:00,8163.47,8228.56,8155.95,8207.33,24135.27637958901
2024-10-08T00:00:00+00:00,8207.33,8222.32,8146.43,8198.47,25563.541501976284
2024-10-09T00:00:00+00:00,8198.47,8254.11,8153.55,8236.59,17835.140833988986
2024-10-10T00:00:00+00:00,8236.59,8258.61,8168.99,8214.3,20823.929199344137
2024-10-11T00:00:00+00:00,8214.3,8272.39,8189.39,8266.69,14649.275373420145
2024-10-13T00:00:00+00:00,8266.69,8274.24,8237.73,8239.72,1217
2024-10-14T00:00:00+00:00,8239.72,8320.19,8238.23,8315.2,13688.366201451598
2024-10-15T00:00:00+00:00,8315.2,8343.71,8270.3,8288.59,18376.30715040507
2024-10-16T00:00:00+00:00,8288.59,8384.960000000001,8278.179999999998,8372.37,17035.467556916417
2024-10-17T00:00:00+00:00,8372.37,8398.380000000001,8325.35,8330.37,18617.24109977453
2024-10-18T00:00:00+00:00,8330.37,8341.96,8275.37,8337.45,13809.30643740123
2024-10-20T00:00:00+00:00,8337.45,8361.85,8333.94,8349.35,1824
2024-10-21T00:00:00+00:00,8349.35,8368.84,8259.9,8260.92,16906.45822102426
2024-10-22T00:00:00+00:00,8260.92,8260.92,8175.51,8229.84,20856.41657577758
2024-10-23T00:00:00+00:00,8229.84,8238.43,8180.42,8213.28,18768.448473282442
2024-10-24T00:00:00+00:00,8213.28,8263.79,8192.87,8253.890000000001,19433.43648208469
2024-10-25T00:00:00+00:00,8253.890000000001,8264.390000000001,8202.94,8213.26,15729
2024-10-27T00:00:00+00:00,8213.26,8235.51,8202.9,8206.41,1569
2024-10-28T00:00:00+00:00,8206.41,8278.77,8197,8265.28,20126.552642766055
2024-10-29T00:00:00+00:00,8265.28,8286.87,8224.02,8232.02,18959.85480104458
2024-10-30T00:00:00+00:00,8232.02,8249.039999999999,8142.02,8169.860000000001,21796.23258989637
2024-10-31T00:00:00+00:00,8169.860000000001,8173.860000000001,8060.84,8062.34,25114.44959298685
2024-11-01T00:00:00+00:00,8062.34,8210.95,8048.35,8145.719999999999,23292
2024-11-03T00:00:00+00:00,8145.719999999999,8166.199999999999,8131.19,8136.19,1884
2024-11-04T00:00:00+00:00,8136.19,8195.33,8123.81,8132.52,16648.23811310053
2024-11-05T00:00:00+00:00,8132.52,8197.080000000002,8120.51,8182.0700000000015,17267.09612670449
2024-11-06T00:00:00+00:00,8182.0700000000015,8304.96,8136.46,8199.279999999999,43099.65385490436
2024-11-07T00:00:00+00:00,8199.279999999999,8311.18,8168.779999999999,8305.6,26107.731272058292
2024-11-08T00:00:00+00:00,8305.6,8314.09,8245.51,8264.31,19929
2024-11-10T00:00:00+00:00,8264.31,8284.3,8248.89,8276.81,1147
2024-11-11T00:00:00+00:00,8276.81,8311.41,8242.29,8255.800000000001,14595.944035320095
2024-11-12T00:00:00+00:00,8255.800000000001,8268.310000000001,8150.2,8164.89,23592.088283773868
2024-11-13T00:00:00+00:00,8164.89,8243.38,8140.37,8237.359999999999,26814.659383046313
2024-11-14T00:00:00+00:00,8237.359999999999,8305.74,8208.24,8243.92,28281.57886380765
2024-11-15T00:00:00+00:00,8243.92,8302.49,8235.9,8263.29,31435.973008905054
2024-11-17T00:00:00+00:00,8263.29,8266.1,8238.09,8265.59,1083
2024-11-18T00:00:00+00:00,8265.59,8347.75,8260.1,8347.75,20646.83261815213
2024-11-19T00:00:00+00:00,8347.75,8453.25,8284.62,8343.999999999998,31149.34792554677
2024-11-20T00:00:00+00:00,8343.999999999998,8360.82,8295.38,8346.3,26234.021244971802
2024-11-21T00:00:00+00:00,8346.3,8411.800000000001,8280.18,8392.79,38004.71188112821
2024-11-22T00:00:00+00:00,8392.79,8447.01,8371.21,8447,30086
2024-11-24T00:00:00+00:00,8447,8484.89,8440.39,8446.89,1939
2024-11-25T00:00:00+00:00,8446.89,8474.51,8404.51,8411.13,25593.78474664087
2024-11-26T00:00:00+00:00,8411.13,8432.43,8360.94,8399.51,26783.221221178308
2024-11-27T00:00:00+00:00,8399.51,8453.93,8389.49,8446.460000000001,24124.579800949243
2024-11-28T00:00:00+00:00,8446.460000000001,8473.960000000001,8409.66,8410.18,9006.69269810676
2024-11-29T00:00:00+00:00,8410.18,8476.59,8391.66,8462.88,14623.710534682024
2024-12-01T00:00:00+00:00,8462.88,8471.63,8445.01,8465.03,1371
2024-12-02T00:00:00+00:00,8465.03,8528.62,8432.61,8514.13,21890.65786658401
2024-12-03T00:00:00+00:00,8514.13,8523.13,8461.839999999998,8468.829999999998,19189.92558788831
2024-12-04T00:00:00+00:00,8468.829999999998,8506.26,8438.829999999998,8471.95,18493.24906639887
2024-12-05T00:00:00+00:00,8471.95,8491.460000000001,8447.33,8460.81,17541.92380188346
2024-12-06T00:00:00+00:00,8460.81,8470.33,8339.23,8403.04,18763.277777777777
2024-12-08T00:00:00+00:00,8403.04,8408.19,8379.68,8381.68,1559
2024-12-09T00:00:00+00:00,8381.68,8476.8,8374.69,8434.86,21009.212855845213
2024-12-10T00:00:00+00:00,8434.86,8440.85,8373.27,8388.16,17583.994540018026
2024-12-11T00:00:00+00:00,8388.16,8410.05,8352.06,8387.49,15114.259147317323
2024-12-12T00:00:00+00:00,8387.49,8389.5,8249.08,8284.18,16982.984709193697
2024-12-13T00:00:00+00:00,8284.18,8318.09,8249.59,8258.39,16067.659642686838
2024-12-15T00:00:00+00:00,8258.39,8293.69,8258.39,8280.18,1267
2024-12-16T00:00:00+00:00,8280.18,8297.500000000002,8230.590000000002,8292.980000000001,16837.50131883884
2024-12-17T00:00:00+00:00,8292.980000000001,8361.2,8284.28,8355.68,15212.609226852053
2024-12-18T00:00:00+00:00,8355.68,8377.68,8133.72,8134.7300000000005,21264.222833117637
2024-12-19T00:00:00+00:00,8134.7300000000005,8185.65,8112.13,8123.05,31146.84137340427
2024-12-20T00:00:00+00:00,8123.05,8162.94,8012.94,8101.26,36817.6669046769
2024-12-22T00:00:00+00:00,8101.26,8154.25,8101.26,8145.25,1832
2024-12-23T00:00:00+00:00,8145.25,8230.86,8126.24,8201.11,31796.906551055377
2024-12-24T00:00:00+00:00,8222.61,8253.62,8216.12,8242.62,2484
2024-12-26T00:00:00+00:00,8242.62,8306.86,8229.75,8304.86,1618
2024-12-27T00:00:00+00:00,8304.86,8308.86,8225.94,8253.25,29774.58322468492
2024-12-29T00:00:00+00:00,8253.25,8270.42,8233.94,8247.44,1494
2024-12-30T00:00:00+00:00,8247.44,8258.04,8162.02,8229.33,31089.955198396852
2024-12-31T00:00:00+00:00,8208.65,8213.64,8166.54,8167.53,2300
2025-01-02T00:00:00+00:00,8167.53,8259.869999999999,8141.03,8223.1,47420.08555533984
2025-01-03T00:00:00+00:00,8223.1,8296.2,8215.09,8288.5,25310.830278966296
2025-01-05T00:00:00+00:00,8288.5,8310.06,8288.45,8302.45,1640
2025-01-06T00:00:00+00:00,8302.45,8341.06,8260.45,8305.39,29682.307811661554
2025-01-07T00:00:00+00:00,8305.39,8358.31,8270.39,8317.350000000002,31121.0651472741
2025-01-08T00:00:00+00:00,8317.350000000002,8406.350000000002,8287.46,8302.419999999998,41553.274011460155
2025-01-09T00:00:00+00:00,8302.419999999998,8383.84,8296.409999999998,8345.39,16378.180034826677
2025-01-10T00:00:00+00:00,8345.39,8345.39,8232.67,8238.96,46368
2025-01-12T00:00:00+00:00,8238.96,8240.43,8205.92,8238.42,2902
2025-01-13T00:00:00+00:00,8238.42,8247.93,8170.92,8229.19,31849.141915673616
2025-01-14T00:00:00+00:00,8229.19,8275.16,8187.68,8267.64,28267.534011767613
2025-01-15T00:00:00+00:00,8267.64,8370.75,8223.25,8357.16,25769.902047030548
2025-01-16T00:00:00+00:00,8357.16,8363.18,8316.16,8343.53,27869.807875878407
2025-01-17T00:00:00+00:00,8343.53,8374.46,8319.03,8361.76,17460.21187877414
2025-01-19T00:00:00+00:00,8361.76,8361.76,8342.31,8359.31,1396
2025-01-20T00:00:00+00:00,8359.31,8437.78,8342.82,8435.76,18778.092036552367
2025-01-21T00:00:00+00:00,8435.76,8462.78,8357.76,8455.029999999999,29025.711051702383
2025-01-22T00:00:00+00:00,8455.029999999999,8478.43,8395.18,8396.2,14773.455842499021
2025-01-23T00:00:00+00:00,8396.2,8439.61,8373.18,8427.61,16885.05146315291
2025-01-24T00:00:00+00:00,8427.61,8450.7,8412.68,8415.5,13868.653639227718
2025-01-27T00:00:00+00:00,8415.5,8423.58,8329.37,8421.09,27381.4075462881
2025-01-28T00:00:00+00:00,8421.09,8472.16,8393.69,8463.14,24620.87563253589
2025-01-29T00:00:00+00:00,8463.14,8512.16,8436.53,8491.83,27785.903594843654
2025-01-30T00:00:00+00:00,8491.83,8579.24,8489.83,8573.300000000001,21203.862587717613
2025-01-31T00:00:00+00:00,8573.300000000001,8585.300000000001,8451.72,8455.53,26026.766003701166
2025-02-02T00:00:00+00:00,8455.53,8455.53,8359.56,8387.16,6060
2025-02-03T00:00:00+00:00,8387.16,8511.35,8365.67,8487.86,52248.291979433176
2025-02-04T00:00:00+00:00,8487.86,8490.85,8387.24,8442.849999999999,30599.168473051694
2025-02-05T00:00:00+00:00,8442.849999999999,8519.33,8424.24,8517.31,22977.394949017023
2025-02-06T00:00:00+00:00,8517.31,8550.22,8494.22,8515.66,19300.705929952575
2025-02-07T00:00:00+00:00,8515.66,8541.17,8458.53,8465.34,39597.54739096804
2025-02-09T00:00:00+00:00,8465.34,8500.02,8448.02,8496.52,2655
2025-02-10T00:00:00+00:00,8496.52,8534.13,8485.62,8525.01,15910.740728527471
2025-02-11T00:00:00+00:00,8525.01,8531.02,8455.83,8492.28,18550.513307973575
2025-02-12T00:00:00+00:00,8492.28,8587.37,8490.77,8566.369999999999,29154.967666703917
2025-02-13T00:00:00+00:00,8566.369999999999,8631.67,8529.66,8621.32,33109.801298681254
2025-02-14T00:00:00+00:00,8621.32,8622.33,8511.22,8517.04,18113.333767421205
2025-02-16T00:00:00+00:00,8517.04,8537.01,8498.5,8512,2433
2025-02-17T00:00:00+00:00,8512,8585.210000000001,8493.02,8538.150000000001,12289.38940079482
2025-02-18T00:00:00+00:00,8538.150000000001,8541.170000000002,8398.909999999998,8422.899999999998,20163.921513685542
2025-02-19T00:00:00+00:00,8422.899999999998,8473.899999999998,8325.32,8349.82,21411.43148597342
2025-02-20T00:00:00+00:00,8349.82,8374.91,8294.82,8339.109999999999,24613.504848828445
2025-02-21T00:00:00+00:00,8339.109999999999,8352.609999999999,8233.41,8246.72,27102.1771181214
2025-02-23T00:00:00+00:00,8246.72,8251.27,8212.86,8248.76,2019
2025-02-24T00:00:00+00:00,8248.76,8331.88,8243.86,8268.65,31272.83327342702
2025-02-25T00:00:00+00:00,8268.65,8297.65,8197.55,8233.41,37898.27914705587
2025-02-26T00:00:00+00:00,8233.41,8300.16,8226.41,8293.650000000001,30727.862006222065
2025-02-27T00:00:00+00:00,8293.650000000001,8306.150000000001,8175.039999999999,8200.939999999999,41185.055272387595
2025-02-28T00:00:00+00:00,8200.939999999999,8226.439999999999,8133.310000000002,8211.13,45178.16635514019
2025-03-02T00:00:00+00:00,8211.13,8243.1,8209.11,8214.11,2097.0216683421
2025-03-03T00:00:00+00:00,8214.11,8285.7,8143.07,8152.66,49812.79665249624
2025-03-04T00:00:00+00:00,8152.66,8229.67,8062.49,8215.670000000002,66138.53460155369
2025-03-05T00:00:00+00:00,8215.670000000002,8218.67,8084.07,8101.05,59715.78610014718
2025-03-06T00:00:00+00:00,8101.05,8114.05,8000.549999999999,8000.549999999999,49067.068266990296
2025-03-07T00:00:00+00:00,8000.549999999999,8020.97,7921.95,8008.75,52268
2025-03-09T00:00:00+00:00,8008.75,8008.75,7949.85,7972.37,2681
2025-03-10T00:00:00+00:00,7972.37,7983.37,7831.45,7861.669999999999,60747.528964490324
2025-03-11T00:00:00+00:00,7861.669999999999,7913.69,7761.49,7793.68,88130.32208579002
2025-03-12T00:00:00+00:00,7793.68,7844.97,7736.68,7790.97,54247.383549517755
2025-03-13T00:00:00+00:00,7790.97,7803.99,7723.27,7760.7699999999995,53616.60062154012
2025-03-14T00:00:00+00:00,7760.7699999999995,7863.08,7752.7699999999995,7840.18,43671.067563324905
2025-03-16T00:00:00+00:00,7840.18,7840.18,7797.63,7821.150000000001,2875
2025-03-17T00:00:00+00:00,7821.150000000001,7919.610000000001,7807.13,7913.1,39361.6721043881
2025-03-18T00:00:00+00:00,7913.1,7913.110000000001,7799.39,7834.46,39896.81031184478
2025-03-19T00:00:00+00:00,7834.46,7923.22,7817.2,7906.43,34804.02658673696
2025-03-20T00:00:00+00:00,7906.43,7967.63,7877.14,7942.9400000000005,32710.795448432218
2025-03-21T00:00:00+00:00,7942.9400000000005,7971.93,7865.74,7910.299999999999,33274.26996052289
2025-03-23T00:00:00+00:00,7910.299999999999,7939.07,7910.299999999999,7937.08,1592
2025-03-24T00:00:00+00:00,7937.08,7998.93,7924.0599999999995,7998.42,21337.464516557968
2025-03-25T00:00:00+00:00,7998.42,8018.95,7940.21,8002.9400000000005,18271.24130638186
2025-03-26T00:00:00+00:00,8002.9400000000005,8028.45,7931.740000000001,7953.7300000000005,26529.134079468073
2025-03-27T00:00:00+00:00,7953.7300000000005,7986.06,7930.06,7960.09,30566.72280895053
2025-03-28T00:00:00+00:00,7960.09,7998.1,7873.2300000000005,7875.2300000000005,31604.8162352799
2025-03-30T00:00:00+00:00,7875.2300000000005,7875.2300000000005,7852.950000000001,7865.97,2385
2025-03-31T00:00:00+00:00,7865.97,7924.55,7808.53,7899.5,38514.50694078187
2025-04-01T00:00:00+00:00,7899.5,7980.32,7863.5,7956.92,42519.68939972701
2025-04-02T00:00:00+00:00,7956.92,8040.810000000001,7625.950000000001,7654.9400000000005,50749.02700358565
2025-04-03T00:00:00+00:00,7654.9400000000005,7872.69,7645.93,7732.339999999999,81652.77421333278
2025-04-04T00:00:00+00:00,7732.339999999999,7752.339999999999,7275.96,7340.219999999999,107789.10563133693
2025-04-06T00:00:00+00:00,7349.48,7349.48,7144.8,7208.51,944
2025-04-07T00:00:00+00:00,7208.51,7470.52,7166.9,7411.860000000001,168403.39605722876
2025-04-08T00:00:00+00:00,7411.860000000001,7638.18,7279.86,7314.36,140929.64957934408
2025-04-09T00:00:00+00:00,7314.36,7874.63,7283.759999999999,7839.85,145399.23325446076
2025-04-10T00:00:00+00:00,7839.85,7855.26,7471.37,7504.6,140975.62798888085
2025-04-11T00:00:00+00:00,7504.6,7670.17,7479.49,7660.47,123632
2025-04-13T00:00:00+00:00,7660.47,7695.84,7660.47,7694.82,355
2025-04-14T00:00:00+00:00,7694.82,7804.83,7691.23,7754.5599999999995,69684.60017769712
2025-04-15T00:00:00+00:00,7754.5599999999995,7794.47,7698.889999999999,7709.4,50962.754535030304
2025-04-16T00:00:00+00:00,7709.4,7824.17,7702.79,7757.16,58744.48018094159
2025-04-17T00:00:00+00:00,7757.16,7820.3,7747.55,7783.09,25931
2025-04-21T00:00:00+00:00,7783.09,7783.09,7713.68,7736.7,518
2025-04-22T00:00:00+00:00,7736.7,8020.88,7736.7,8006.88,44388.33274114146
2025-04-23T00:00:00+00:00,8006.88,8020.280000000001,7897.13,7938.280000000001,56570.82946443714
2025-04-24T00:00:00+00:00,7938.280000000001,8076.22,7936.6900000000005,8065.5,30885.23688308982
2025-04-25T00:00:00+00:00,8065.5,8082.31,8016.3,8060.59,24522
2025-04-27T00:00:00+00:00,8060.59,8060.59,8034.02,8046.53,229
2025-04-28T00:00:00+00:00,8046.53,8056.43,7966.01,8016.05,28269.445630703318
2025-04-29T00:00:00+00:00,8016.05,8109.67,8007.9400000000005,8089.55,27245.520847868425
2025-04-30T00:00:00+00:00,8089.55,8134.79,8041.09,8125.76,41802.83197396297
2025-05-01T00:00:00+00:00,8125.76,8163.16,8114.51,8136.55,28919.158965638595
2025-05-02T00:00:00+00:00,8136.55,8263.1,8127.44,8259.09,32307.84772214084
2025-05-04T00:00:00+00:00,8260.09,8260.09,8233.29,8236.79,157
2025-05-05T00:00:00+00:00,8236.79,8240.7,8121.580000000001,8137.09,18608.67253930571
2025-05-06T00:00:00+00:00,8137.09,8213.48,8115.18,8205.489999999998,27076.599464822437
2025-05-07T00:00:00+00:00,8205.489999999998,8233.39,8144.48,8154.05,29726.736664638862
2025-05-08T00:00:00+00:00,8154.05,8238.61,8142.94,8180.220000000001,29509.908707134626
2025-05-09T00:00:00+00:00,8180.220000000001,8269.52,8177.6,8253.51,20298.742970313182
2025-05-11T00:00:00+00:00,8253.51,8299.36,8253.51,8282.37,171
2025-05-12T00:00:00+00:00,8282.37,8342.87,8230.85,8302.51,24714.064709446546
2025-05-13T00:00:00+00:00,8302.51,8307.91,8247.34,8292.63,19081.208601678114
2025-05-14T00:00:00+00:00,8292.63,8294.529999999999,8225.55,8253.74,16619.860117150816
2025-05-15T00:00:00+00:00,8253.74,8394.6,8249.15,8376.68,16166.36419183404
2025-05-16T00:00:00+00:00,8376.68,8399.07,8323.43,8358.44,11902.973832016532
2025-05-18T00:00:00+00:00,8355.44,8355.44,8320.92,8326.43,131
2025-05-19T00:00:00+00:00,8326.43,8373.210000000001,8260.92,8362.710000000001,15558.576300851653
2025-05-20T00:00:00+00:00,8362.710000000001,8413.11,8326.6,8413.11,15983.317103075633
2025-05-21T00:00:00+00:00,8413.11,8433.51,8294.56,8309.029999999999,23801.52735231705
2025-05-22T00:00:00+00:00,8309.029999999999,8378.43,8301.42,8338.91,22400.785180655916
2025-05-23T00:00:00+00:00,8338.91,8385.42,8248.42,8318.44,32918.580293495346
2025-05-25T00:00:00+00:00,8318.44,8367.39,8318.44,8363.89,200
2025-05-26T00:00:00+00:00,8363.89,8398.87,8346.27,8361.08,8091.988399790674
2025-05-27T00:00:00+00:00,8361.08,8465.11,8341.97,8440.070000000002,14429.018675709662
2025-05-28T00:00:00+00:00,8440.070000000002,8501.91,8382.19,8476.93,19377.99503667173
2025-05-29T00:00:00+00:00,8476.93,8483.85,8342.53,8362.39,25746.08717201284
2025-05-30T00:00:00+00:00,8362.39,8458.42,8362.39,8431.41,26818.639469512847
2025-06-01T00:00:00+00:00,8432.41,8432.41,8418.02,8426.54,148
2025-06-02T00:00:00+00:00,8426.54,8493.02,8391.04,8451.94,23588.422082997873
2025-06-03T00:00:00+00:00,8451.94,8502.91,8427.33,8498.199999999999,18394.81607265039
2025-06-04T00:00:00+00:00,8498.199999999999,8563.21,8498.199999999999,8560.21,17049.717103690396
2025-06-05T00:00:00+00:00,8560.21,8576.119999999999,8511.9,8558.050000000001,25673.378590197986
2025-06-06T00:00:00+00:00,8558.050000000001,8569.45,8515.33,8541.31,17324.278180196136
2025-06-09T00:00:00+00:00,8542.31,8574.04,8537.03,8555.779999999999,8864.270568842221
2025-06-10T00:00:00+00:00,8555.779999999999,8640.95,8540.679999999998,8639.93,19303.209407155548
2025-06-11T00:00:00+00:00,8639.93,8659.35,8589.76,8629.27,24202.553021207405
2025-06-12T00:00:00+00:00,8629.27,8635.67,8543.72,8584.979999999998,19813.92061420732
2025-06-13T00:00:00+00:00,8584.979999999998,8586.88,8517.859999999999,8535.78,36828.26190476191
2025-06-15T00:00:00+00:00,8535.78,8562,8535.78,8561.5,165
2025-06-16T00:00:00+00:00,8561.5,8598.99,8514.239999999998,8516.739999999998,19070.370720988027
2025-06-17T00:00:00+00:00,8516.739999999998,8558.91,8503.39,8534.059999999998,30304.004795935693
2025-06-18T00:00:00+00:00,8534.059999999998,8566.979999999998,8507.72,8535.72,24430.104093631442
2025-06-19T00:00:00+00:00,8535.72,8549.109999999999,8498.6,8547.109999999999,13673.938099521054
2025-06-20T00:00:00+00:00,8547.109999999999,8550.5,8483.51,8493.89,23731.28660991734
2025-06-22T00:00:00+00:00,8493.89,8495.17,8488.15,8491.15,208
2025-06-23T00:00:00+00:00,8491.15,8584.88,8430.05,8575.38,26837.39027171408
2025-06-24T00:00:00+00:00,8575.38,8605.28,8530.68,8572.83,15280.923626147927
2025-06-25T00:00:00+00:00,8572.83,8588.73,8516.74,8538.44,12119.178022985834
2025-06-26T00:00:00+00:00,8538.44,8622.66,8532.84,8592.65,11230.164764260453
2025-06-27T00:00:00+00:00,8592.65,8608.56,8511.14,8542.57,16204.306976845643
2025-06-29T00:00:00+00:00,8543.57,8557.34,8543.57,8545.83,226
2025-06-30T00:00:00+00:00,8545.83,8589.24,8537.23,8570.89,12963.080018324588
2025-07-01T00:00:00+00:00,8570.89,8595.16,8548.89,8592.64,16770.006379022558
2025-07-02T00:00:00+00:00,8592.64,8634.05,8557.55,8617.07,15394.706015861164
2025-07-03T00:00:00+00:00,8617.07,8645.1,8544.960000000001,8585.45,13075.545819928884
2025-07-04T00:00:00+00:00,8585.45,8622.4,8562.830000000002,8604.39,11390.331488676182
2025-07-06T00:00:00+00:00,8604.39,8628.47,8604.39,8620.45,245
2025-07-07T00:00:00+00:00,8620.45,8631.37,8550.45,8590.28,19124.004480777592
2025-07-08T00:00:00+00:00,8590.28,8641.68,8574.08,8578.06,17368.428809545705
2025-07-09T00:00:00+00:00,8578.06,8607.82,8533.47,8593.06,14034.785900041343
2025-07-10T00:00:00+00:00,8593.06,8645.03,8584.449999999999,8634.1,11025.475568765882
2025-07-11T00:00:00+00:00,8634.1,8638.51,8544.46,8577.46,16547.169436674412
2025-07-13T00:00:00+00:00,8574.46,8574.46,8561.12,8574.14,169
2025-07-14T00:00:00+00:00,8574.14,8640.14,8565.04,8619.119999999999,12916.257432941282
2025-07-15T00:00:00+00:00,8619.119999999999,8652.44,8567.95,8572.46,18904.32934145531
2025-07-16T00:00:00+00:00,8572.46,8621.55,8545.53,8600.34,22957.915912781616
2025-07-17T00:00:00+00:00,8600.34,8695.279999999999,8590.24,8685.26,14553.209471798871
2025-07-18T00:00:00+00:00,8685.26,8783.18,8682.16,8724.21,15678.969043571708
2025-07-20T00:00:00+00:00,8722.21,8737.04,8722.21,8733.56,147
2025-07-21T00:00:00+00:00,8733.56,8734.46,8652.94,8694.57,13821.903011437455
2025-07-22T00:00:00+00:00,8694.57,8759.61,8654.47,8731.61,14815.237099970205
2025-07-23T00:00:00+00:00,8731.61,8765.51,8712.99,8763.89,16569.81739823297
2025-07-24T00:00:00+00:00,8763.89,8764.3,8658.91,8676.32,16511.328271438193
2025-07-25T00:00:00+00:00,8676.32,8689.43,8625.93,8686.93,13219.962861184975
2025-07-27T00:00:00+00:00,8682.93,8702.34,8682.93,8690.84,170
2025-07-28T00:00:00+00:00,8690.84,8714.75,8635.35,8659.01,13587.678465744986
2025-07-29T00:00:00+00:00,8659.01,8738.24,8651.390000000001,8694.529999999999,13658.60519925611
2025-07-30T00:00:00+00:00,8694.529999999999,8775.929999999998,8683.929999999998,8733.279999999999,18240.302690584474
2025-07-31T00:00:00+00:00,8733.279999999999,8772.189999999999,8667.31,8678.09,23489.705515444544
2025-08-01T00:00:00+00:00,8678.09,8683,8590.92,8639.92,37448.34437017305
2025-08-03T00:00:00+00:00,8638.92,8647.04,8638.53,8646.54,219
2025-08-04T00:00:00+00:00,8646.54,8757.05,8638.53,8730.699999999999,16084.209751151295
2025-08-05T00:00:00+00:00,8730.699999999999,8808.08,8717.199999999999,8774.500000000002,18098.038862784986
2025-08-06T00:00:00+00:00,8774.500000000002,8865.04,8774.500000000002,8841.24,18993.306437961357
2025-08-07T00:00:00+00:00,8841.24,8869.84,8784.33,8811.73,21205.744786106916
2025-08-08T00:00:00+00:00,8811.73,8837.73,8798.73,8825.89,12309.999885480145
2025-08-10T00:00:00+00:00,8823.89,8834,8819,8826.99,139
2025-08-11T00:00:00+00:00,8826.99,8861,8821,8832.69,10946.809845105636
2025-08-12T00:00:00+00:00,8832.69,8919.27,8831.69,8912.449999999999,14131.38041829128
2025-08-13T00:00:00+00:00,8912.449999999999,8912.949999999999,8826.96,8868.49,12594.33035081163
2025-08-14T00:00:00+00:00,8868.49,8917.4,8866.4,8870.12,14222.94988221976
2025-08-15T00:00:00+00:00,8870.12,8954.18,8863.630000000001,8901.69,11936.266811815585
2025-08-17T00:00:00+00:00,8900.69,8914.91,8900.69,8913.4,170
2025-08-18T00:00:00+00:00,8913.4,8968.41,8911.41,8928.210000000003,12723.186603862132
2025-08-19T00:00:00+00:00,8928.210000000003,8948.81,8883.8,8888.8,16252.632284022267
2025-08-20T00:00:00+00:00,8888.8,8966.42,8863.81,8961.42,21724.068835766495
2025-08-21T00:00:00+00:00,8961.42,9028.64,8947.81,9028.64,18678.226443500596
2025-08-22T00:00:00+00:00,9028.64,9055.54,8959.93,9052.04,19314.005542346174
2025-08-24T00:00:00+00:00,9053.04,9053.04,9036.87,9045.88,207
2025-08-25T00:00:00+00:00,9045.88,9057.89,8952.87,8970.119999999999,13778.175010065183
2025-08-26T00:00:00+00:00,8970.119999999999,8990.61,8907.59,8958.07,15787.632036491126
2025-08-27T00:00:00+00:00,8958.07,8988.96,8923.07,8962.739999999998,13727.435437189479
2025-08-28T00:00:00+00:00,8962.739999999998,8994.21,8936.21,8950.21,14216.065014616903
2025-08-29T00:00:00+00:00,8950.21,8975.22,8925.31,8943.33,15035.150503529467
2025-08-31T00:00:00+00:00,8945.33,8960.33,8944.35,8958.33,185
2025-09-01T00:00:00+00:00,8958.33,8969.33,8862.230000000001,8865.25,11057.860720337489
2025-09-02T00:00:00+00:00,8865.25,8900.35,8809.95,8834.960000000001,25894.24282910762
2025-09-03T00:00:00+00:00,8834.960000000001,8838.47,8694.960000000001,8765.93,21726.885245885067
2025-09-04T00:00:00+00:00,8765.93,8881.490000000002,8764.93,8867.990000000002,16917.845296351486
2025-09-05T00:00:00+00:00,8867.990000000002,8885.490000000002,8809.28,8843.28,23992.834372574343
2025-09-07T00:00:00+00:00,8842.28,8862.65,8842.28,8858.14,131
2025-09-08T00:00:00+00:00,8858.14,8866.65,8813.13,8833.19,14996.681526049946
2025-09-09T00:00:00+00:00,8833.19,8833.21,8780.19,8798.289999999999,15771.579045797902
2025-09-10T00:00:00+00:00,8798.289999999999,8847.83,8791.789999999999,8826.210000000001,14157.56588783221
2025-09-11T00:00:00+00:00,8826.210000000001,8856.17,8787.93,8855.18,11402.795351324225
2025-09-12T00:00:00+00:00,8855.18,8897.16,8806.98,8807.47,10607.996156554324
2025-09-14T00:00:00+00:00,8805.47,8811.14,8798.62,8810.63,205
2025-09-15T00:00:00+00:00,8810.63,8898.71,8788.13,8888.339999999998,14414.927797207127
2025-09-16T00:00:00+00:00,8888.339999999998,8895.359999999999,8816.17,8860.71,19520.526990447506
2025-09-17T00:00:00+00:00,8860.71,8864.71,8746.87,8813.37,13576.166747037658
2025-09-18T00:00:00+00:00,8813.37,8821.47,8749.88,8804.619999999999,20476.181188157054
2025-09-19T00:00:00+00:00,8804.619999999999,8834.69,8760.13,8824.19,15940.091537320219
2025-09-21T00:00:00+00:00,8822.19,8822.19,8809.67,8814.17,149
2025-09-22T00:00:00+00:00,8814.17,8856.68,8789.67,8832.810000000001,13150.73316539459
2025-09-23T00:00:00+00:00,8832.810000000001,8885.830000000002,8803.71,8807.57,17562.70487671859
2025-09-24T00:00:00+00:00,8807.57,8810.07,8709.86,8727.380000000001,16967.794748965538
2025-09-25T00:00:00+00:00,8727.380000000001,8783.87,8716.66,8746.960000000001,21793.514549496518
2025-09-26T00:00:00+00:00,8746.960000000001,8815.44,8718.960000000001,8809.94,19244.606682659905
2025-09-28T00:00:00+00:00,8809.94,8821.11,8809.11,8814.13,159
2025-09-29T00:00:00+00:00,8814.13,8878.13,8801.11,8862.869999999999,16395.718481281707
2025-09-30T00:00:00+00:00,8862.869999999999,8884.869999999999,8804.67,8840.460000000001,19681.646785465815
2025-10-01T00:00:00+00:00,8840.460000000001,8908.03,8806.460000000001,8896.17,19195.283315036584
2025-10-02T00:00:00+00:00,8896.17,8963.19,8882.18,8924.529999999999,17597.26622070033
2025-10-03T00:00:00+00:00,8924.529999999999,9045.55,8915.529999999999,9012.54,15058.861141484645
2025-10-05T00:00:00+00:00,9012.54,9030.59,9009.6,9011.58,1386
2025-10-06T00:00:00+00:00,9011.58,9014.6,8954.83,8959.33,15667.648131292412
2025-10-07T00:00:00+00:00,8959.33,8989.42,8917.259999999998,8917.259999999998,19835.110190180483
2025-10-08T00:00:00+00:00,8917.259999999998,9003.289999999999,8907.759999999998,8963.769999999999,14632.692545142705
2025-10-09T00:00:00+00:00,8963.769999999999,8995.789999999999,8913.97,8931.02,18716.65597408871
2025-10-10T00:00:00+00:00,8931.02,8977.24,8853.64,8857.64,51666.68840275403
2025-10-12T00:00:00+00:00,8857.64,8921.35,8857.64,8884.35,2809
2025-10-13T00:00:00+00:00,8884.35,8910.35,8837.82,8845.31,26184.738205854417
2025-10-14T00:00:00+00:00,8845.31,8994.56,8844.31,8980.07,38131.533965001785
2025-10-15T00:00:00+00:00,8980.07,9040.3,8945.54,9015.81,29852.231799015124
2025-10-16T00:00:00+00:00,9015.81,9118.3,9007.12,9032.13,42001.334566355676
2025-10-17T00:00:00+00:00,9032.13,9045.63,8928.13,8991.52,40167.3954697161
2025-10-19T00:00:00+00:00,8991.52,9006.41,8979.42,8984.4,1984
2025-10-20T00:00:00+00:00,8984.4,9090.81,8966.9,9078.29,15106.02826023723
2025-10-21T00:00:00+00:00,9078.29,9119.81,9002.38,9002.899999999998,17133.483086034117
2025-10-22T00:00:00+00:00,9002.899999999998,9032.8,8939.3,8986.45,26814.308970203783
2025-10-23T00:00:00+00:00,8986.45,9055.81,8978.43,9041.8,15670.744455400194
2025-10-24T00:00:00+00:00,9041.8,9050.8,9005.29,9046.31,13011.806493686088
2025-10-26T00:00:00+00:00,9046.31,9088.03,9046.31,9077.02,2008
2025-10-27T00:00:00+00:00,9077.02,9092.02,9014.52,9024.06,11905.50574915762
2025-10-28T00:00:00+00:00,9024.06,9050.57,9001.58,9007.6,13460.962572449975
2025-10-29T00:00:00+00:00,9007.6,9014.6,8864.19,8893.4,28413.601892166025
2025-10-30T00:00:00+00:00,8893.4,8958.62,8872.09,8954.62,30207.911730862637
2025-10-31T00:00:00+00:00,8954.62,8954.63,8842.12,8865.51,18098.165755455204
2025-11-02T00:00:00+00:00,8865.51,8866.26,8825.65,8829.75,1858
2025-11-03T00:00:00+00:00,8829.75,8894.35,8824.25,8849.810000000001,15545.268749697434
2025-11-04T00:00:00+00:00,8849.810000000001,8849.810000000001,8713.34,8749.079999999998,25606.109838575234
2025-11-05T00:00:00+00:00,8749.079999999998,8820.179999999998,8690.579999999998,8798.47,26977.948809773043
2025-11-06T00:00:00+00:00,8798.47,8856.06,8742.46,8817.960000000001,27982.620154910328
2025-11-07T00:00:00+00:00,8817.960000000001,8830.960000000001,8711.86,8782.67,33603.71653199893
2025-11-09T00:00:00+00:00,8782.67,8807.21,8782.21,8787.2,2029
2025-11-10T00:00:00+00:00,8787.2,8884.81,8781.2,8866.09,19826.984449494124
2025-11-11T00:00:00+00:00,8866.09,8870.61,8809.51,8840.5,21567.161367055036
2025-11-12T00:00:00+00:00,8840.5,8850.5,8789.060000000001,8797.560000000001,19434.8674017432
2025-11-13T00:00:00+00:00,8797.560000000001,8801.570000000002,8608.6,8619.1,34222.031460571685
2025-11-14T00:00:00+00:00,8619.1,8645.11,8571.19,8602.06,33024.43084152014
2025-11-16T00:00:00+00:00,8602.06,8629.33,8593.32,8622.82,2189
2025-11-17T00:00:00+00:00,8622.82,8652.93,8529.18,8534.69,27751.74307910151
2025-11-18T00:00:00+00:00,8534.69,8541.69,8414.68,8489.51,50300.32032046792
2025-11-19T00:00:00+00:00,8489.51,8546.61,8426.93,8545.59,39501.067997058366
2025-11-20T00:00:00+00:00,8545.59,8576.61,8381.66,8433.66,50644.50923268027
2025-11-21T00:00:00+00:00,8433.66,8518.78,8400.27,8499.38,55606.46303681161
2025-11-23T00:00:00+00:00,8499.38,8525.34,8483.44,8519.34,2039
2025-11-24T00:00:00+00:00,8519.34,8549.02,8474.07,8508,25567.74185098143
2025-11-25T00:00:00+00:00,8508,8628.269999999999,8480.52,8614.769999999999,24156.901212149027
2025-11-26T00:00:00+00:00,8614.769999999999,8644.380000000001,8570.03,8642.36,19413.375980491066
2025-11-27T00:00:00+00:00,8642.36,8648.880000000001,8555.19,8616.93,10428.423012477575
2025-11-28T00:00:00+00:00,8616.93,8630.93,8585.52,8612.81,7381.46112184741
2025-11-30T00:00:00+00:00,8612.81,8622.46,8593.05,8613.45,1357
2025-12-01T00:00:00+00:00,8613.45,8621.45,8545.93,8578.03,18801.14138111729
2025-12-02T00:00:00+00:00,8578.03,8603.830000000002,8561.43,8603.830000000002,15275.046151066157
2025-12-03T00:00:00+00:00,8603.830000000002,8619.85,8565.240000000002,8598.849999999999,17425.245857420516
2025-12-04T00:00:00+00:00,8598.849999999999,8628.37,8561.369999999999,8611.06,15457.111137049715
2025-12-05T00:00:00+00:00,8611.06,8641.18,8592.56,8604.97,12670.039731249028
2025-12-07T00:00:00+00:00,8604.97,8627.11,8588.7,8619.11,1472
2025-12-08T00:00:00+00:00,8619.11,8636.71,8582.05,8600.97,11945.473407305435
2025-12-09T00:00:00+00:00,8600.97,8623.46,8555.05,8589.85,14604.37101136961
2025-12-10T00:00:00+00:00,8589.85,8658.379999999997,8555.86,8649.869999999997,19233.279354208124
2025-12-11T00:00:00+00:00,8649.869999999997,8685.66,8569.859999999999,8673.749999999998,20071.513231255263
2025-12-12T00:00:00+00:00,8673.749999999998,8733.5,8620.16,8649.67,20144.3941691331
2025-12-14T00:00:00+00:00,8649.67,8660.56,8638.06,8644.58,1663
2025-12-15T00:00:00+00:00,8644.58,8677.18,8602.16,8620.75,19260.242513150024
2025-12-16T00:00:00+00:00,8620.75,8643.25,8557.230000000001,8573.83,33993.82700691066
2025-12-17T00:00:00+00:00,8573.83,8613.93,8545.25,8565.15,14978.165760909977
2025-12-18T00:00:00+00:00,8565.15,8668.09,8553.65,8649.77,22961.862449104214
2025-12-19T00:00:00+00:00,8649.77,8692.38,8595.68,8657.68,14915.45931373961
2025-12-21T00:00:00+00:00,8657.68,8686.71,8656.61,8683.22,1956
2025-12-22T00:00:00+00:00,8683.22,8723.659999999998,8668.8,8721.659999999998,13330.17480158849
2025-12-23T00:00:00+00:00,8721.659999999998,8812.56,8721.14,8756.22,12474.985118478888
2025-12-24T00:00:00+00:00,8756.22,8764.73,8740.72,8761.61,2561
2025-12-28T00:00:00+00:00,8761.61,8787.38,8761.61,8762.86,1181
2025-12-29T00:00:00+00:00,8762.86,8770.38,8715.28,8753.47,13525.095433184577
2025-12-30T00:00:00+00:00,8753.47,8762.96,8698.85,8713.26,10139.063344698068
2025-12-31T00:00:00+00:00,8710.56,8722.06,8681.54,8689.94,3130
2026-01-02T00:00:00+00:00,8689.94,8800.94,8670.61,8736.6,19687.15776499442
2026-01-04T00:00:00+00:00,8736.6,8758.37,8714.25,8736.37,1714
2026-01-05T00:00:00+00:00,8736.37,8784.650000000001,8708.95,8718.84,14913.82691963191
2026-01-06T00:00:00+00:00,8718.84,8733.539999999999,8670.94,8717.63,16681.11409400357
2026-01-07T00:00:00+00:00,8717.63,8746.15,8672.73,8711.33,16747.926455223736
2026-01-08T00:00:00+00:00,8711.33,8762.03,8692.92,8726.04,16585.62971130583
2026-01-09T00:00:00+00:00,8726.04,8748.13,8699.64,8736.63,13153.109734228294
2026-01-11T00:00:00+00:00,8736.63,8789.71,8724.19,8784.19,1736
2026-01-12T00:00:00+00:00,8784.19,8821.109999999999,8735.29,8813.089999999998,13091.073365178176
2026-01-13T00:00:00+00:00,8813.089999999998,8855.609999999999,8787.7,8805.37,15497.145350886192
2026-01-14T00:00:00+00:00,8805.37,8844.530000000002,8775.87,8820.430000000002,18052.90136960919
2026-01-15T00:00:00+00:00,8820.430000000002,8873.96,8808.420000000002,8869.45,14330.089660394324
2026-01-16T00:00:00+00:00,8869.45,8913.45,8864.45,8900.86,12000.187490975706
2026-01-18T00:00:00+00:00,8900.86,8901.24,8875.84,8890.23,2034
2026-01-19T00:00:00+00:00,8890.23,8893.74,8824.480000000001,8834.880000000001,12275.27066658653
2026-01-20T00:00:00+00:00,8834.880000000001,8836.890000000001,8755.18,8763.470000000001,26540.63586317254
2026-01-21T00:00:00+00:00,8763.470000000001,8854.390000000001,8733.35,8843.37,30275.089843607173
2026-01-22T00:00:00+00:00,8843.37,8867.79,8820.27,8837.02,17456.895010478456
2026-01-23T00:00:00+00:00,8837.02,8881.04,8825.52,8860.83,14261.152038128997
2026-01-26T00:00:00+00:00,8860.83,8973.88,8860.83,8965.359999999999,9974.319864096433
2026-01-27T00:00:00+00:00,8965.359999999999,8982.080000000002,8928.869999999999,8955.060000000001,12884.587169095621
2026-01-28T00:00:00+00:00,8955.060000000001,8959.560000000001,8890.410000000002,8903.920000000002,20407.006175655064
2026-01-29T00:00:00+00:00,8903.920000000002,8989.020000000002,8868.400000000001,8977.620000000003,29332.92726553307
2026-01-30T00:00:00+00:00,8977.620000000003,8978.120000000003,8777.53,8807.83,37183.88941790197
2026-02-01T00:00:00+00:00,8807.83,8841.69,8807.83,8833.69,3052
2026-02-02T00:00:00+00:00,8833.69,8861.29,8725.78,8852.720000000001,34335.866995431854
2026-02-03T00:00:00+00:00,8852.720000000001,8873.15,8769.63,8815.039999999999,29648.472002330695
2026-02-04T00:00:00+00:00,8815.039999999999,8960.47,8802.539999999999,8889.999999999998,36275.88700449604
2026-02-05T00:00:00+00:00,8889.999999999998,8902.9,8750.75,8766.25,49302.2886188257
2026-02-06T00:00:00+00:00,8766.25,8809.6,8689.27,8790.15,33753.19219319021
2026-02-08T00:00:00+00:00,8790.15,8848.62,8790.15,8806.63,2633
2026-02-09T00:00:00+00:00,8806.63,8915.8,8803.61,8893.79,20545.300553985042
2026-02-10T00:00:00+00:00,8893.79,8924.55,8859.39,8922.039999999999,19197.23355421877
2026-02-11T00:00:00+00:00,8922.039999999999,9065.569999999998,8922.039999999999,9057.569999999998,26593.783895515146
2026-02-12T00:00:00+00:00,9057.569999999998,9111.56,8919.96,8948.27,33479.881165170824
2026-02-13T00:00:00+00:00,8948.27,8958.39,8870.67,8946.17,37700.13956170069
2026-02-15T00:00:00+00:00,8946.17,8949.21,8919.81,8930.21,1505
2026-02-16T00:00:00+00:00,8930.21,8977.32,8910.2,8964.8,13859.937146160182
2026-02-17T00:00:00+00:00,8964.8,9015.41,8929.92,8983.47,42563.9726145693
2026-02-18T00:00:00+00:00,8983.47,9082.45,8978.98,9067.34,22124.219552112474
2026-02-19T00:00:00+00:00,9067.34,9106.330000000002,9017.23,9058.28,28021.405585239656
2026-02-20T00:00:00+00:00,9058.28,9094.87,9021.86,9093.67,29902.801732531996
2026-02-22T00:00:00+00:00,9093.67,9109.7,9045.58,9055.6,1837
2026-02-23T00:00:00+00:00,9055.6,9074.2,9006.59,9029.52,27593.712500652506
2026-02-24T00:00:00+00:00,9029.52,9100.740000000002,8979.51,9090.250000000002,20747.45282968896
2026-02-25T00:00:00+00:00,9090.250000000002,9201.949999999999,9059.630000000001,9165.83,17373.379731243564
2026-02-26T00:00:00+00:00,9165.83,9194.949999999999,9141.76,9164.49,24227.38823358763
2026-02-27T00:00:00+00:00,9164.49,9224.28,9153.949999999999,9189.56,30250.309162413883
2026-03-01T00:00:00+00:00,9189.56,9189.56,9106.01,9162.92,4873
2026-03-02T00:00:00+00:00,9162.92,9199.52,9104.52,9148.78,38430.02609493951
2026-03-03T00:00:00+00:00,9148.78,9149.28,8822.38,8899.960000000001,65403.44460137349
2026-03-04T00:00:00+00:00,8899.960000000001,8957.37,8849.850000000002,8916.220000000001,53649.8255954043
2026-03-05T00:00:00+00:00,8916.220000000001,8920.730000000001,8701.820000000002,8775.82,60552.77235993074
2026-03-06T00:00:00+00:00,8775.82,8797.22,8593.91,8686.81,55988.57156692633
2026-03-08T00:00:00+00:00,8686.81,8686.81,8542.42,8556.92,6221
2026-03-09T00:00:00+00:00,8556.92,8793.51,8450.9,8711.88,102580.1842783742
2026-03-10T00:00:00+00:00,8711.88,8791.96,8646.86,8711.87,59650.70272553143
2026-03-11T00:00:00+00:00,8711.87,8758.85,8593.94,8597.94,54213.9690057429
2026-03-12T00:00:00+00:00,8597.94,8690.22,8559.23,8595.92,64217.06741261207
2026-03-13T00:00:00+00:00,8595.92,8656.92,8501,8542.8,59861.52614879722
2026-03-15T00:00:00+00:00,8542.8,8592.54,8542.8,8577.52,4456
2026-03-16T00:00:00+00:00,8577.52,8658.13,8532.12,8615.11,49467.98755158655
2026-03-17T00:00:00+00:00,8615.11,8669.71,8558.2,8602.93,36062.99004939677
2026-03-18T00:00:00+00:00,8602.93,8658.03,8460.64,8483.55,23372.18030134712
2026-03-19T00:00:00+00:00,8483.55,8506.26,8364.14,8476.24,80666.84514722871
2026-03-20T00:00:00+00:00,8476.24,8495.76,8250.74,8285.54,74653.5513504769
2026-03-22T00:00:00+00:00,8285.54,8299.51,8263,8294.49,4860
2026-03-23T00:00:00+00:00,8294.49,8608.41,8278.99,8438.04,126036.4534446235
2026-03-24T00:00:00+00:00,8438.04,8510.53,8359.44,8508.03,93983.52539811027
2026-03-25T00:00:00+00:00,8508.03,8597.13,8501.51,8534.48,79819.80875054581
2026-03-26T00:00:00+00:00,8534.48,8552.5,8419.08,8508.68,68591.09491346993
2026-03-27T00:00:00+00:00,8508.68,8526.8,8382.78,8413.59,64147.43981988111
2026-03-29T00:00:00+00:00,8413.59,8427.13,8357.11,8371.63,5052
2026-03-30T00:00:00+00:00,8371.63,8533.72,8350.11,8439.34,59185.79657759749
2026-03-31T00:00:00+00:00,8439.34,8630.05,8399.830000000002,8626.04,80955.05675583167
2026-04-01T00:00:00+00:00,8626.04,8711.65,8599.04,8703.900000000001,47451.27776145111
2026-04-02T00:00:00+00:00,8703.900000000001,8714.900000000001,8549,8569.210000000001,38405.4541523463
2026-04-06T00:00:00+00:00,8569.7,8689.57,8569.7,8678.06,494
2026-04-07T00:00:00+00:00,8678.06,9129.3,8663.55,9117.32,78656.5725791392
2026-04-08T00:00:00+00:00,9117.32,9140.21,8866.920000000002,8876.400000000001,59431.44547970768
2026-04-09T00:00:00+00:00,8876.400000000001,8991.02,8869.810000000001,8927.89,38229.72845919877
2026-04-10T00:00:00+00:00,8927.89,9054.64,8904.789999999999,9003.84,28573.81104973371
2026-04-12T00:00:00+00:00,9003.32,9003.32,8899.04,8910.52,299
2026-04-13T00:00:00+00:00,8910.52,9043.51,8887.92,9008.91,32104.59238994303
2026-04-14T00:00:00+00:00,9008.91,9035.51,8934.300000000001,9021.359999999999,24457.882407758
2026-04-15T00:00:00+00:00,9021.359999999999,9023.27,8969.38,9011.57,22204.799011924097
2026-04-16T00:00:00+00:00,9011.57,9021.97,8905.33,8932.35,24000.040893588844
2026-04-17T00:00:00+00:00,8932.35,9049.43,8896.74,9020.199999999999,32524.39546352933
2026-04-19T00:00:00+00:00,9021.71,9021.71,8930.88,8932.39,239
2026-04-20T00:00:00+00:00,8932.39,9001.01,8895.78,8970.17,34977.971204934816
2026-04-21T00:00:00+00:00,8970.17,8976.56,8841.83,8924.2,50091.824296637315
2026-04-22T00:00:00+00:00,8924.2,8927.12,8773.94,8798.43,38397.39909378908
2026-04-23T00:00:00+00:00,8798.43,8848.6,8730.33,8826.1,66891.32485235509
2026-04-24T00:00:00+00:00,8826.1,8830.510000000002,8739.89,8750.9,48680.195186590885
2026-04-26T00:00:00+00:00,8750.39,8750.39,8736.86,8737.87,176
2026-04-27T00:00:00+00:00,8737.87,8776.27,8691.85,8716.619999999999,25008.806068268044
2026-04-28T00:00:00+00:00,8716.619999999999,8733.52,8655.94,8687.84,34714.12732799329
2026-04-29T00:00:00+00:00,8687.84,8722.24,8594.65,8644.4,39499.024696014596
2026-04-30T00:00:00+00:00,8644.4,8797.38,8638.289999999999,8776.509999999998,40440.08466891676
2026-05-01T00:00:00+00:00,8776.509999999998,8787.429999999998,8707.91,8711.89,17675.068248058444
2026-05-03T00:00:00+00:00,8710.91,8725.41,8710.91,8720.92,121
2026-05-04T00:00:00+00:00,8720.92,8738.32,8598.42,8630.77,43072.022553253206
2026-05-05T00:00:00+00:00,8630.77,8775.8,8608.67,8765.8,26798.101537314058
2026-05-06T00:00:00+00:00,8765.8,8910.47,8748.19,8834.48,37266.812939765536
2026-05-07T00:00:00+00:00,8834.48,8899.84,8713.31,8781.21,36643.00283357316
2026-05-08T00:00:00+00:00,8781.21,8808.289999999999,8692.21,8709.21,26927.160526322295
2026-05-10T00:00:00+00:00,8709.7,8709.7,8663.03,8684.54,210
2026-05-11T00:00:00+00:00,8684.54,8749.02,8636.92,8721.02,21465.52923056168
2026-05-12T00:00:00+00:00,8721.02,8721.93,8590.34,8618.08,30901.832159224676
2026-05-13T00:00:00+00:00,8618.08,8644.48,8555.89,8612.36,23404.52549475107
2026-05-14T00:00:00+00:00,8612.36,8714.66,8601.27,8654.130000000001,22434.25120053279
2026-05-15T00:00:00+00:00,8654.130000000001,8684.04,8573.67,8582.68,42740
2026-05-17T00:00:00+00:00,8582.68,8590.44,8577.42,8583.42,322
2026-05-18T00:00:00+00:00,8583.42,8601.41,8489.44,8565.650000000001,62973.520317428025
2026-05-19T00:00:00+00:00,8565.650000000001,8652.48,8556.04,8577.76,47547.4624060456
2026-05-20T00:00:00+00:00,8577.76,8625.32,8482.65,8610.560000000001,55708.92600498905
2026-05-21T00:00:00+00:00,8610.560000000001,8698.27,8577.27,8690.25,49146.81957835122
2026-05-22T00:00:00+00:00,8690.25,8706.17,8606.9,8607.4,27285.935703120784
2026-05-24T00:00:00+00:00,8606.9,8658.26,8606.9,8655.75,328
2026-05-25T00:00:00+00:00,8655.75,8718.74,8640.67,8671.02,12352.61466948715
2026-05-26T00:00:00+00:00,8671.02,8674.93,8617.410000000002,8665.159999999998,20817.99821686011
2026-05-27T00:00:00+00:00,8665.159999999998,8735.72,8626.86,8635.37,23727.64794842303
2026-05-28T00:00:00+00:00,8635.37,8683.54,8536.26,8654.970000000001,29350.94045868513
2026-05-29T00:00:00+00:00,8654.970000000001,8762.79,8646.36,8718.77,20682.48939190128
2026-05-31T00:00:00+00:00,8718.27,8718.27,8705.56,8707.57,184
2026-06-01T00:00:00+00:00,8707.57,8764.05,8643.37,8677.880000000001,25789.935399234706
2026-06-02T00:00:00+00:00,8677.880000000001,8770.12,8602.27,8762.619999999999,22200.539974251944
2026-06-03T00:00:00+00:00,8762.619999999999,8805.509999999998,8702.57,8750.21,20532.97126177564
2026-06-04T00:00:00+00:00,8750.21,8750.599999999999,8654.08,8667.49,26255.98948774175
2026-06-05T00:00:00+00:00,8667.49,8669.909999999998,8484.28,8493.770000000002,41490.59713628885
2026-06-08T00:00:00+00:00,8494.29,8581.99,8494.29,8518.279999999999,32364.607180490395
2026-06-09T00:00:00+00:00,8518.279999999999,8671.47,8474.18,8576.85,65693.03432821773
2026-06-10T00:00:00+00:00,8576.85,8703.02,8552.61,8561.26,91922.87975358167
2026-06-11T00:00:00+00:00,8561.26,8803.01,8547.160000000002,8773.619999999999,76524.15446443124
2026-06-12T00:00:00+00:00,8773.619999999999,8884.89,8757.01,8847.41,51841.33027934931
2026-06-14T00:00:00+00:00,8847.9,8889.42,8847.9,8879.41,329
2026-06-15T00:00:00+00:00,8879.41,8935.8,8768.4,8852.88,25699.64335933028
2026-06-16T00:00:00+00:00,8852.88,8951.4,8835.99,8889.350000000002,29824.152756675725
2026-06-17T00:00:00+00:00,8889.350000000002,8980.770000000002,8880.96,8947.499999999998,25631.42881908851
2026-06-18T00:00:00+00:00,8947.499999999998,8995.419999999998,8850.71,8867.419999999998,29281.38896689004
2026-06-19T00:00:00+00:00,8867.419999999998,8870.339999999998,8816.07,8817.59,18314.54706538106
2026-06-21T00:00:00+00:00,8818.09,8818.09,8789.1,8802.09,243
2026-06-22T00:00:00+00:00,8802.09,8874.11,8793.99,8818.529999999999,26040.094146773474
2026-06-23T00:00:00+00:00,8818.529999999999,8838.929999999998,8731.22,8794.5,43265.33455635713
2026-06-24T00:00:00+00:00,8794.5,8831.26,8767.25,8793.39,48828.633476537
2026-06-25T00:00:00+00:00,8793.39,8810.36,8734.980000000001,8746.49,51933.48285224885
2026-06-26T00:00:00+00:00,8746.49,8830.84,8698.87,8794.54,52722.93505194305
2026-06-28T00:00:00+00:00,8795.04,8817.96,8786.46,8786.46,254
2026-06-29T00:00:00+00:00,8786.46,8854.45,8772.84,8824.380000000001,37677.857959823516
2026-06-30T00:00:00+00:00,8824.380000000001,8829.78,8763.37,8794.06,21177.97642472575
2026-07-01T00:00:00+00:00,8794.06,8796.46,8679.24,8717.38,24989.704734968556
2026-07-02T00:00:00+00:00,8717.38,8825.43,8671.789999999999,8787.990000000002,36773.0386070218
2026-07-03T00:00:00+00:00,8787.990000000002,8878.390000000001,8775.37,8811.35,14259.642669598297
2026-07-05T00:00:00+00:00,8807.85,8830.38,8807.85,8827.36,208
2026-07-06T00:00:00+00:00,8827.36,8866.88,8791.039999999999,8802.36,14539.374619260916
2026-07-07T00:00:00+00:00,8802.36,8838.62,8723.5,8725.51,22020.071002408793
2026-07-08T00:00:00+00:00,8725.51,8778.51,8629.39,8699.4,43036.94145603698
2026-07-09T00:00:00+00:00,8699.4,8777.42,8687.289999999999,8748.13,21188.552069545472
2026-07-10T00:00:00+00:00,8748.13,8836.33,8737.019999999999,8829.83,16063.124277122626
2026-07-12T00:00:00+00:00,8830.83,8830.83,8799.63,8805.64,295
2026-07-13T00:00:00+00:00,8805.64,8860.28,8740.92,8754.43,29087.00944219535
2026-07-14T00:00:00+00:00,8754.43,8879.91,8707.320000000002,8868.699999999999,36271.55378862283
2026-07-15T00:00:00+00:00,8868.699999999999,8886.609999999999,8798.97,8861.289999999999,21779.45684061427
2026-07-16T00:00:00+00:00,8861.289999999999,8871.18,8765.96,8792.269999999999,27964.2550780935
2026-07-17T00:00:00+00:00,8792.269999999999,8844.51,8730.659999999998,8836.51,28360.84256321481
2026-07-19T00:00:00+00:00,8831.77,8838.78,8828.27,8831.77,257
2026-07-20T00:00:00+00:00,8831.77,8839.66,8732.21,8752.82,29944.487978703506
2026-07-21T00:00:00+00:00,8752.82,8809.82,8723.67,8806.34,21261.371781839185
2026-07-22T00:00:00+00:00,8806.34,8902.73,8794.72,8858.7,21040.78988107775
2026-07-23T00:00:00+00:00,8858.7,8904.11,8752.63,8779.59,36357.1014267152
2026-07-24T00:00:00+00:00,8779.59,8834.9,8719.98,8804.9,29392.53282691264
2026-07-26T00:00:00+00:00,8804.9,8863.98,8804.9,8855.96,283
2026-07-27T00:00:00+00:00,8855.96,8894.48,8825.92,8834.92,26734.50261420881
2026-07-28T00:00:00+00:00,8834.92,9040.78,8829.84,9017.13,27923.19902073538
2026-07-29T00:00:00+00:00,9017.13,9103.55,8968.39,9045.01,54639.61068982417
2026-07-30T00:00:00+00:00,9045.01,9069.91,8956.15,9052.06,36928.426558102794
2026-07-31T00:00:00+00:00,9052.06,9056.96,8884.66,8919.67,27262.48439045536
2026-08-02T00:00:00+00:00,8919.67,8956.71,8919.67,8947.71,302
2026-08-03T00:00:00+00:00,8947.71,9035.109999999999,8936.61,9029.609999999999,16410.288231485483
2026-08-04T00:00:00+00:00,9029.609999999999,9186.81,9027.5,9153.76,19208.874726398895
2026-08-05T00:00:00+00:00,9153.76,9224.17,9124.15,9211.11,23285.17012820033
2026-08-06T00:00:00+00:00,9211.11,9287.03,9209.99,9234.9,19889.16804608109
2026-08-07T00:00:00+00:00,9234.9,9315.38,9210.79,9284.88,15751.275462301719
2026-08-09T00:00:00+00:00,9288.89,9288.89,9246.57,9248.59,256
2026-08-10T00:00:00+00:00,9248.59,9267.48,9201.49,9221.02,14344.03188760299
2026-08-11T00:00:00+00:00,9221.02,9280.94,9195.8,9203.85,18560.674139540744
2026-08-12T00:00:00+00:00,9203.85,9223.25,9149.99,9160.5,17730.499955373052
2026-08-13T00:00:00+00:00,9160.5,9201.41,9109.39,9142.7,15577.449971173099
2026-08-14T00:00:00+00:00,9142.7,9146.58,9060.9,9074.41,13657.464049788083
2026-08-16T00:00:00+00:00,9073.41,9087.04,9073.41,9081.03,97
2026-08-17T00:00:00+00:00,9081.03,9108.44,9005.03,9071.57,13688.41610527259
2026-08-18T00:00:00+00:00,9071.57,9114.47,9003.96,9005.449999999999,16243.521820480672
2026-08-19T00:00:00+00:00,9005.449999999999,9099.01,8992.849999999999,9076.869999999999,16353.63716484985
2026-08-20T00:00:00+00:00,9076.869999999999,9085.26,9001.06,9058.32,21736.027776763898
2026-08-21T00:00:00+00:00,9058.32,9088.84,9035.34,9077.33,13898.171614489109
2026-08-23T00:00:00+00:00,9077.33,9084.59,9071.08,9082.59,211
2026-08-24T00:00:00+00:00,9082.59,9124.99,9063.99,9104.8,17464
2026-08-25T00:00:00+00:00,9104.8,9196.82,9104.8,9181.54,17729
2026-08-26T00:00:00+00:00,9181.54,9219.44,9094.53,9108.57,16689
2026-08-27T00:00:00+00:00,9108.57,9115.99,9000.58,9044.11,16520
2026-08-28T00:00:00+00:00,9044.11,9109.61,9026.6,9053.62,19927
2026-08-30T00:00:00+00:00,9053.62,9060.88,9040.37,9057.38,391
2026-08-31T00:00:00+00:00,9057.38,9125.27,9016.33,9024.82,14792
2026-09-01T00:00:00+00:00,9024.82,9068.32,8954.32,8963.59,21730
2026-09-02T00:00:00+00:00,8963.59,8967.5,8926.5,8958.49,4205
